heapSize,enqueueTimeMs,dequeueTimeMs,drainTimeMs,memoryMB
1000,0.6134160000000293,0.26441699999998036,0.15562499999998636,4.61
5000,0.8777499999999918,0.5848749999998972,0.6695000000000846,5.09
10000,0.9410000000000309,0.10187499999994998,1.4053750000000491,6.24
50000,4.14224999999999,0.42600000000004457,8.129374999999982,13.14
100000,4.913416999999981,0.575917000000004,21.266166,17.55
200000,6.424709000000007,2.1554170000000568,36.06470899999999,43.12
500000,32.067542,5.73904200000004,125.26037499999995,71.15
1000000,68.11454199999991,8.544750000000022,305.611083,133.03