heapSize,enqueueTimeMs,dequeueTimeMs,drainTimeMs,memoryMB
1000,0.5042920000000066,0.2866249999999866,0.2293329999999969,4.65
5000,0.8129579999999947,0.6114590000000106,0.2738329999999962,5.27
10000,0.8805830000000014,0.14133300000000304,0.20129199999999514,6.69
50000,3.476333000000011,0.27208400000000665,1.328125,16.84
100000,4.977082999999993,0.594458000000003,2.7083749999999895,20.41
200000,6.697499999999991,2.389958000000007,5.925874999999991,26.43
500000,32.47241700000001,10.56887500000002,35.590292000000034,80.88
1000000,72.443083,7.619832999999971,61.90170899999998,125.89