heapSize,enqueueTimeMs,dequeueTimeMs,drainTimeMs,memoryMB
1000,0.5488330000000019,0.3064999999999998,0.22841700000000742,4.67
5000,0.8237919999999974,0.6177920000000086,0.25445799999999963,5.27
10000,0.906833000000006,0.07245800000001168,0.195541999999989,6.69
50000,2.623874999999998,0.2687080000000037,1.5031659999999931,16.8
100000,7.39333400000001,2.6762500000000102,2.680624999999992,24.28
200000,6.706542000000013,1.4928750000000264,5.974541999999985,30.06
500000,31.74000000000001,5.484957999999949,27.84358400000002,62.05
1000000,71.29566700000004,9.452457999999979,65.88349999999991,125.89