heapSize,enqueueTimeMs,dequeueTimeMs,drainTimeMs,memoryMB
1000,0.5256249999999909,0.7760420000000039,0.5409580000000034,4.66
5000,0.8589999999999947,1.8832500000000039,0.6415409999999895,5.26
10000,0.8138750000000101,1.0622919999999993,1.2888750000000044,6.7
50000,3.0610830000000107,6.489875000000012,10.049791999999997,16.84
100000,6.869124999999997,26.109542000000005,24.978624999999994,24.34
200000,6.497084000000001,33.281000000000034,49.49487499999998,30.2
500000,29.77087499999999,236.62450000000007,150.25487499999997,59.88
1000000,75.09941600000002,367.66937500000006,408.08899999999994,125.3