heapSize,enqueueTimeMs,dequeueTimeMs,drainTimeMs,memoryMB
1000,0.5405000000000086,0.24200000000001864,0.13191600000001813,4.6
5000,0.8121659999999906,0.552375000000012,0.6147499999999866,5.02
10000,0.7838749999999948,0.06587500000000546,1.2698749999999848,6.26
50000,3.1020420000000115,0.5141670000000147,7.746292000000011,14.73
100000,3.1323329999999885,0.5494170000000054,16.763542,30.74
200000,9.319666999999981,1.1159999999999854,49.78466599999996,47.4
500000,31.830040999999994,5.991624999999999,116.27908299999996,79.7
1000000,60.59399999999994,8.836583999999903,319.3269160000001,175.95