heapSize,enqueueTimeMs,dequeueTimeMs,drainTimeMs,memoryMB
1000,0.14295800000002146,0.08095900000000711,0.07333399999998846,4.94
5000,0.47700000000000387,0.21366699999998673,0.225750000000005,6.45
10000,0.18754200000000765,0.022458999999997786,0.2735409999999945,6.01
50000,1.1198750000000075,0.09120799999999463,2.0927090000000135,13.35
100000,1.612792000000013,0.6055419999999856,2.1992500000000064,29.34
200000,1.0185840000000326,0.7497910000000161,5.354041999999993,51.9
500000,14.855666999999983,2.403165999999999,14.046832999999992,119.87
1000000,30.438959000000068,2.691667000000052,22.801249999999982,224.02