heapSize,enqueueTimeMs,dequeueTimeMs,drainTimeMs,memoryMB
1000,0.15541699999999992,0.07804199999999639,0.06629099999999255,4.91
5000,0.32395800000000463,0.2072080000000085,0.22124999999999773,6.45
10000,0.24174999999999613,0.056250000000005684,0.30349999999999966,6.01
50000,0.9432919999999996,0.09520799999999952,1.3635409999999837,13.46
100000,1.570291999999995,0.6073749999999905,1.98275000000001,25.58
200000,0.9958330000000046,0.798374999999993,5.7825420000000065,48.22
500000,14.357458000000008,1.4822090000000117,12.650792000000024,138.72
1000000,33.64266699999996,2.808749999999918,22.892749999999978,224.03