heapSize,enqueueTimeMs,dequeueTimeMs,drainTimeMs,memoryMB
1000,0.13750000000000284,0.0681250000000091,0.0656670000000048,4.92
5000,0.6874159999999989,0.33916600000000585,0.2372919999999965,6.45
10000,0.17958400000000552,0.02229099999999562,0.30416700000000674,6.02
50000,1.197334000000012,0.09424999999998818,1.3427500000000236,13.44
100000,1.5458749999999952,0.6355410000000177,2.0491250000000036,29.39
200000,0.9762079999999855,0.8414579999999887,5.63316599999996,51.97
500000,14.474749999999972,2.12566599999991,11.240499999999997,116.38
1000000,31.912708000000066,2.596917000000076,22.42683399999987,223.34