heapSize,enqueueTimeMs,dequeueTimeMs,drainTimeMs,memoryMB
1000,0.12858300000002032,0.07745800000000713,0.08891600000001176,4.86
5000,0.2771250000000123,0.1962919999999997,0.17233299999998053,6.25
10000,0.32733299999998167,0.022124999999988404,0.232167000000004,5.47
50000,1.634541999999982,0.12016700000000924,2.3144169999999917,16.98
100000,4.027165999999994,1.25,1.8870000000000005,22.9
200000,1.0970839999999953,0.6155420000000049,3.2441670000000045,66.07
500000,17.71833300000003,1.698082999999997,12.569624999999974,57.34
1000000,36.096000000000004,3.375583000000006,24.336332999999968,37.5