heapSize,enqueueTimeMs,dequeueTimeMs,drainTimeMs,memoryMB
1000,0.1429160000000138,0.08483300000000327,0.1193749999999909,4.87
5000,0.4154159999999365,0.22524999999995998,0.22050000000001546,6.28
10000,0.37770800000009785,0.02545800000007148,0.26216599999997925,5.47
50000,0.5906670000000531,0.0950830000000451,1.077374999999961,17.71
100000,1.2593749999999773,0.5991659999999683,4.310666999999967,26.92
200000,4.399874999999952,0.6212090000000217,3.7224169999999503,58.59
500000,14.864417000000003,2.0694160000000466,15.667957999999999,120.73
1000000,28.835042000000158,2.744083000000046,21.50979099999995,226.69